display,内容
ver1,"PEDAL STANDARD株式会社（以下「当社」といいます）は、当社が提供するサービス（以下「本サービス」といいます）を利用される皆様（以下「お客様」といいます）のプライバシーを尊重し、個人情報の管理に細心の注意を払い、これを取扱うものとします。当社は、本サービスにおける、お客様の個人情報の保護について、次のとおりプライバシーポリシー（以下「本ポリシー」といいます）を定め、本ポリシーに基づき適正に個人情報を取り扱います。

なお、本ポリシーで使用する用語の意味は、個人情報の保護に関する法律（以下「個人情報保護法」といいます）に準拠するものとします。


事業者情報

PEDAL STANDARD株式会社
兵庫県神戸市中央区下山手通2-13-3建創ビル9F
代表取締役　増永　康已


関係法令・ガイドライン等の遵守

当社は、個人情報保護のため、個人情報保護法及び各省庁ガイドラインその他関連する法令等を遵守いたします。

個人情報の取得方法

当社は、個人情報の取得に当たっては、利用目的を特定した上で、申込書等の書面、Web等の画面、電子メール、電話及び口頭等の方法で、適正かつ公正な手段を用いて取得いたします。

取得しうる個人情報

当社は、お客様から以下の個人情報を取得することがあります。

　（1）本人確認に関する情報
氏名、住所、身長、郵便番号、性別、生年月日、電話番号、メールアドレス、アカウントのID及びパスワード、SNSアカウント情報、免許証・住民票など公的証明書に関する情報等
　（2）お取引に関する情報
お取引内容及び購入履歴に関する情報等
　（3）決済に関する情報
クレジットカードに関する情報、決済及びその方法に関する情報等
　（4）本サービスのご利用に際して取得する情報
クッキー（cookie）ID等のオンライン上の識別子、ご利用の端末情報、位置情報、閲覧履歴その他の本サービスの利用状況（アクセスログ、IPアドレス、ブラウザ情報、ブラウザの言語設定等を含みます）等
　（5）その他の情報
お客様から当社へのお問い合わせ・ご連絡等に関する情報等

個人情報を利用する目的

当社は、お客様から取得した個人情報を、以下の目的のために利用いたします。

・本サービスに関する登録の受付、お客様の本人確認、認証のため
・お客様の本サービスの利用履歴を管理するため
・利用料金の決済のため
・本サービスにおけるお客様の行動履歴を分析し、本サービスの維持改善に役立てるため 
・本のサービスに関するご案内をするため
・お客様からのお問い合わせに対応するため
・当社の規約や法令に違反する行為に対応するため
・本サービスの変更、提供中止、終了、契約解除をご連絡するため
・当社規約の変更等を通知するため
・以上の他、本サービスの提供、維持、保護及び改善のため
・広告の配信、表示及び効果測定のため
・当社又は第三者の媒体において、お客様の属性・行動履歴の分析に基づく興味及び関心等に合わせ、お客様の趣味嗜好にあわせたターゲティング広告を表示するため
・電子メール等により本サービス又は提携する事業者・サービスのメールマガジン・広告等を配信するため

個人データを安全に管理するための措置

当社は、個人データについて、漏えい、滅失又はき損の防止等、その管理のために必要かつ適切な安全管理措置を講じます。また、個人データを取り扱う従業者や委託先（再委託先等を含みます。）に対して、必要かつ適切な監督を行います。当社が講じる安全管理措置の詳細については、お問い合わせ先までお問い合わせください。

個人データの第三者提供

当社は、お客様から取得する情報のうち、個人データ（個人情報保護法第16条第3項）に該当するものついては、あらかじめお客様の同意を得ずに、第三者に提供しません。 但し、次の場合は除きます。

・個人データの取扱いを外部に委託する場合 
・その他、法律によって合法的に第三者提供が許されている場合

アクセス解析ツール

当社は、お客様のアクセス解析のために、「Googleアナリティクス」を利用しています。Googleアナリティクスは、トラフィックデータの収集のためにCookieを使用しています。トラフィックデータは匿名で収集されており、個人を特定するものではありません。Cookieを無効にすれば、これらの情報の収集を拒否することができます。詳しくはお使いのブラウザの設定をご確認ください。Googleアナリティクスについてのデータの取扱いについて、詳しくは以下からご確認ください。https://policies.google.com/technologies/partner-sites 

プライバシーポリシーの変更

当社は、必要に応じて、このプライバシーポリシーの内容を変更します。この場合、変更後のプライバシーポリシーの施行時期と内容を適切な方法により周知又は通知します。

お問い合わせ

お客様の情報の開示等の請求（利用目的の通知、保有個人データ又は第三者提供記録の開示、訂正・追加・削除、利用の停止・第三者提供の停止の請求をいいます）をご希望の場合や個人情報の取扱いに関する苦情については、以下のメールアドレスにご連絡ください。

e-mail ：info@pedalstandard.com

この場合、必ず、運転免許証のご提示等当社が指定する方法により、ご本人からのご請求であることの確認をさせていただきます。なお、利用目的の通知及び保有個人データ又は第三者提供記録の開示の請求については、開示の有無に関わらず、ご申請時に一件あたり1,000円の事務手数料を申し受けます。

2025年7月25日 制定"
